example,n_pattern,n_target,k,density,max_multiplicity,approx_time,exact_time,approx_cost,exact_cost,accuracy_ratio,exact_timed_out
test_000_n4_m4_d40_mult2.txt,4,4,1,0.3,2,0.003470540978014469,0.003217875026166439,6,1,6.0,False
test_000_n4_m4_d40_mult2.txt,4,4,2,0.3,2,0.0025469580432400107,0.002474042004905641,12,2,6.0,False
test_000_n4_m4_d40_mult2.txt,4,4,3,0.3,2,0.0024833340430632234,0.0033349170116707683,18,3,6.0,False
test_000_n4_m4_d40_mult2.txt,4,4,4,0.3,2,0.002319999970495701,0.00558162503875792,24,3,8.0,False
test_000_n4_m4_d40_mult2.txt,4,4,5,0.3,2,0.0028351249638944864,0.014753499999642372,30,3,10.0,False
scale_1000_n4_m5.txt,4,5,1,0.3,2,0.0029636661056429148,0.0024316670605912805,6,1,6.0,False
scale_1000_n4_m5.txt,4,5,2,0.3,2,0.0022319579729810357,0.0044369170209392905,12,1,12.0,False
scale_1000_n4_m5.txt,4,5,3,0.3,2,0.0022033340064808726,0.08207112504169345,18,1,18.0,False
scale_1000_n4_m5.txt,4,5,4,0.3,2,0.002789250109344721,2.4255877500399947,24,1,24.0,False
scale_1000_n4_m5.txt,4,5,5,0.3,2,0.0028837909922003746,64.96620058291592,30,2,15.0,False
test_007_n5_m5_d40_mult2.txt,5,5,1,0.3,2,0.0033931660000234842,0.0026406660908833146,11,4,2.75,False
test_007_n5_m5_d40_mult2.txt,5,5,2,0.3,2,0.0026911660097539425,0.010642583947628736,22,5,4.4,False
test_007_n5_m5_d40_mult2.txt,5,5,3,0.3,2,0.002663708059117198,0.08853637496940792,33,7,4.714285714285714,False
test_007_n5_m5_d40_mult2.txt,5,5,4,0.3,2,0.003040916984900832,2.648709249915555,44,8,5.5,False
test_007_n5_m5_d40_mult2.txt,5,5,5,0.3,2,0.00275387498550117,68.81811379198916,55,10,5.5,False
test_011_n4_m5_d50_mult3.txt,4,5,1,0.3,2,0.003180874977260828,0.002437166986055672,15,4,3.75,False
test_011_n4_m5_d50_mult3.txt,4,5,2,0.3,2,0.002509125042706728,0.0049113749992102385,30,6,5.0,False
test_011_n4_m5_d50_mult3.txt,4,5,3,0.3,2,0.005914208013564348,0.08625120797660202,45,8,5.625,False
test_011_n4_m5_d50_mult3.txt,4,5,4,0.3,2,0.00297949998639524,2.5537921669892967,60,9,6.666666666666667,False
test_011_n4_m5_d50_mult3.txt,4,5,5,0.3,2,0.0028625830309465528,66.02534799999557,75,10,7.5,False
test_009_n6_m6_d20_mult1.txt,6,6,1,0.3,2,0.006159874959848821,0.0029884170508012176,8,4,2.0,False
test_009_n6_m6_d20_mult1.txt,6,6,2,0.3,2,0.004005333059467375,0.0839924169704318,16,6,2.6666666666666665,False
test_009_n6_m6_d20_mult1.txt,6,6,3,0.3,2,0.0027777079958468676,21.52188733301591,24,8,3.0,False
test_009_n6_m6_d20_mult1.txt,6,6,4,0.3,2,0.002945540938526392,,32,,,True
test_009_n6_m6_d20_mult1.txt,6,6,5,0.3,2,0.004804334021173418,,40,,,True
test_018_n3_m6_d20_mult2.txt,3,6,1,0.3,2,0.006806541001424193,0.0037534170551225543,2,0,inf,False
test_018_n3_m6_d20_mult2.txt,3,6,2,0.3,2,0.0024751249002292752,0.0047629589680582285,4,0,inf,False
test_018_n3_m6_d20_mult2.txt,3,6,3,0.3,2,0.0026965419529005885,0.1391467920038849,6,0,inf,False
test_018_n3_m6_d20_mult2.txt,3,6,4,0.3,2,0.002977832918986678,2.6063786250306293,8,0,inf,False
test_018_n3_m6_d20_mult2.txt,3,6,5,0.3,2,0.0028502499917522073,62.40394487499725,10,0,inf,False
test_032_n6_m7_d60_mult2.txt,6,7,1,0.3,2,0.004108250024728477,,28,,,True
test_032_n6_m7_d60_mult2.txt,6,7,2,0.3,2,0.0033574170665815473,,56,,,True
test_032_n6_m7_d60_mult2.txt,6,7,3,0.3,2,0.006688625086098909,,84,,,True
test_032_n6_m7_d60_mult2.txt,6,7,4,0.3,2,0.0043804580345749855,,112,,,True
test_032_n6_m7_d60_mult2.txt,6,7,5,0.3,2,0.0029102920088917017,,140,,,True
test_005_n3_m8_d50_mult3.txt,3,8,1,0.3,2,0.002525665913708508,,8,,,True
test_005_n3_m8_d50_mult3.txt,3,8,2,0.3,2,0.0022813751129433513,,16,,,True
test_005_n3_m8_d50_mult3.txt,3,8,3,0.3,2,0.002842124900780618,,24,,,True
test_005_n3_m8_d50_mult3.txt,3,8,4,0.3,2,0.0028339580167084932,,32,,,True
test_005_n3_m8_d50_mult3.txt,3,8,5,0.3,2,0.0029606251046061516,,40,,,True
test_007_n7_m8_d40_mult1.txt,7,8,1,0.3,2,0.002657916978932917,,15,,,True
test_007_n7_m8_d40_mult1.txt,7,8,2,0.3,2,0.0023502499097958207,,30,,,True
test_007_n7_m8_d40_mult1.txt,7,8,3,0.3,2,0.0028901250334456563,,45,,,True
test_007_n7_m8_d40_mult1.txt,7,8,4,0.3,2,0.0028724169824272394,,60,,,True
test_007_n7_m8_d40_mult1.txt,7,8,5,0.3,2,0.0027415419463068247,,75,,,True
test_009_n8_m8_d50_mult2.txt,8,8,1,0.3,2,0.003159209038130939,,39,,,True
test_009_n8_m8_d50_mult2.txt,8,8,2,0.3,2,0.0028763340087607503,,78,,,True
test_009_n8_m8_d50_mult2.txt,8,8,3,0.3,2,0.0024058339186012745,,117,,,True
test_009_n8_m8_d50_mult2.txt,8,8,4,0.3,2,0.0027534159598872066,,156,,,True
test_009_n8_m8_d50_mult2.txt,8,8,5,0.3,2,0.002382499980740249,,195,,,True
test_012_n7_m8_d20_mult2.txt,7,8,1,0.3,2,0.0028086249949410558,,12,,,True
test_012_n7_m8_d20_mult2.txt,7,8,2,0.3,2,0.002635790966451168,,24,,,True
test_012_n7_m8_d20_mult2.txt,7,8,3,0.3,2,0.0023524590069428086,,36,,,True
test_012_n7_m8_d20_mult2.txt,7,8,4,0.3,2,0.0027207089588046074,,48,,,True
test_012_n7_m8_d20_mult2.txt,7,8,5,0.3,2,0.0026892080204561353,,60,,,True
test_020_n6_m8_d20_mult2.txt,6,8,1,0.3,2,0.0027405000291764736,,17,,,True
test_020_n6_m8_d20_mult2.txt,6,8,2,0.3,2,0.002404458005912602,,34,,,True
test_020_n6_m8_d20_mult2.txt,6,8,3,0.3,2,0.002923708059825003,,51,,,True
test_020_n6_m8_d20_mult2.txt,6,8,4,0.3,2,0.0025652919430285692,,68,,,True
test_020_n6_m8_d20_mult2.txt,6,8,5,0.3,2,0.0024857919197529554,,85,,,True
test_026_n8_m8_d40_mult1.txt,8,8,1,0.3,2,0.002945000072941184,,21,,,True
test_026_n8_m8_d40_mult1.txt,8,8,2,0.3,2,0.002600334002636373,,42,,,True
test_026_n8_m8_d40_mult1.txt,8,8,3,0.3,2,0.002337000099942088,,63,,,True
test_026_n8_m8_d40_mult1.txt,8,8,4,0.3,2,0.0024304999969899654,,84,,,True
test_026_n8_m8_d40_mult1.txt,8,8,5,0.3,2,0.0025758330011740327,,105,,,True
test_011_n9_m9_d40_mult3.txt,9,9,1,0.3,2,0.002748625003732741,,65,,,True
test_011_n9_m9_d40_mult3.txt,9,9,2,0.3,2,0.0023640840081498027,,130,,,True
test_011_n9_m9_d40_mult3.txt,9,9,3,0.3,2,0.002604666049592197,,195,,,True
test_011_n9_m9_d40_mult3.txt,9,9,4,0.3,2,0.00320004194509238,,260,,,True
test_011_n9_m9_d40_mult3.txt,9,9,5,0.3,2,0.0026006250409409404,,325,,,True
test_014_n9_m9_d50_mult1.txt,9,9,1,0.3,2,0.002376166987232864,,36,,,True
test_014_n9_m9_d50_mult1.txt,9,9,2,0.3,2,0.002629874972626567,,72,,,True
test_014_n9_m9_d50_mult1.txt,9,9,3,0.3,2,0.0025932079879567027,,108,,,True
test_014_n9_m9_d50_mult1.txt,9,9,4,0.3,2,0.0026617920957505703,,144,,,True
test_014_n9_m9_d50_mult1.txt,9,9,5,0.3,2,0.002410834073089063,,180,,,True
test_015_n4_m9_d20_mult1.txt,4,9,1,0.3,2,0.002512000035494566,,2,,,True
test_015_n4_m9_d20_mult1.txt,4,9,2,0.3,2,0.002268666052259505,,4,,,True
test_015_n4_m9_d20_mult1.txt,4,9,3,0.3,2,0.0022319580893963575,,6,,,True
test_015_n4_m9_d20_mult1.txt,4,9,4,0.3,2,0.00233141693752259,,8,,,True
test_015_n4_m9_d20_mult1.txt,4,9,5,0.3,2,0.0023420420475304127,,10,,,True
test_024_n6_m9_d50_mult4.txt,6,9,1,0.3,2,0.0022325830068439245,,32,,,True
test_024_n6_m9_d50_mult4.txt,6,9,2,0.3,2,0.0021600419422611594,,64,,,True
test_024_n6_m9_d50_mult4.txt,6,9,3,0.3,2,0.002432375098578632,,96,,,True
test_024_n6_m9_d50_mult4.txt,6,9,4,0.3,2,0.002516165957786143,,128,,,True
test_024_n6_m9_d50_mult4.txt,6,9,5,0.3,2,0.0022180830128490925,,160,,,True
test_030_n8_m9_d60_mult2.txt,8,9,1,0.3,2,0.002363207982853055,,46,,,True
test_030_n8_m9_d60_mult2.txt,8,9,2,0.3,2,0.002651000046171248,,92,,,True
test_030_n8_m9_d60_mult2.txt,8,9,3,0.3,2,0.0025391250383108854,,138,,,True
test_030_n8_m9_d60_mult2.txt,8,9,4,0.3,2,0.0022493749856948853,,184,,,True
test_030_n8_m9_d60_mult2.txt,8,9,5,0.3,2,0.0024508750066161156,,230,,,True
scale_1001_n4_m10.txt,4,10,1,0.3,2,0.0027636669110506773,,10,,,True
scale_1001_n4_m10.txt,4,10,2,0.3,2,0.0023423749953508377,,20,,,True
scale_1001_n4_m10.txt,4,10,3,0.3,2,0.0022585000842809677,,30,,,True
scale_1001_n4_m10.txt,4,10,4,0.3,2,0.002532582962885499,,40,,,True
scale_1001_n4_m10.txt,4,10,5,0.3,2,0.002626792062073946,,50,,,True
test_000_n8_m10_d20_mult3.txt,8,10,1,0.3,2,0.002431875094771385,,18,,,True
test_000_n8_m10_d20_mult3.txt,8,10,2,0.3,2,0.0022715419763699174,,36,,,True
test_000_n8_m10_d20_mult3.txt,8,10,3,0.3,2,0.002385833067819476,,54,,,True
test_000_n8_m10_d20_mult3.txt,8,10,4,0.3,2,0.003251457936130464,,72,,,True
test_000_n8_m10_d20_mult3.txt,8,10,5,0.3,2,0.0027473329100757837,,90,,,True
test_002_n3_m10_d50_mult3.txt,3,10,1,0.3,2,0.0025877919979393482,,6,,,True
test_002_n3_m10_d50_mult3.txt,3,10,2,0.3,2,0.0023701670579612255,,12,,,True
test_002_n3_m10_d50_mult3.txt,3,10,3,0.3,2,0.0023974579526111484,,18,,,True
test_002_n3_m10_d50_mult3.txt,3,10,4,0.3,2,0.002408916945569217,,24,,,True
test_002_n3_m10_d50_mult3.txt,3,10,5,0.3,2,0.002115874900482595,,30,,,True
test_010_n8_m10_d20_mult3.txt,8,10,1,0.3,2,0.0023525001015514135,,22,,,True
test_010_n8_m10_d20_mult3.txt,8,10,2,0.3,2,0.0023677910212427378,,44,,,True
test_010_n8_m10_d20_mult3.txt,8,10,3,0.3,2,0.0024474579840898514,,66,,,True
test_010_n8_m10_d20_mult3.txt,8,10,4,0.3,2,0.0022775420220568776,,88,,,True
test_010_n8_m10_d20_mult3.txt,8,10,5,0.3,2,0.002315834048204124,,110,,,True
test_020_n5_m10_d40_mult4.txt,5,10,1,0.3,2,0.0022854169365018606,,26,,,True
test_020_n5_m10_d40_mult4.txt,5,10,2,0.3,2,0.0025419159792363644,,52,,,True
test_020_n5_m10_d40_mult4.txt,5,10,3,0.3,2,0.002175999921746552,,78,,,True
test_020_n5_m10_d40_mult4.txt,5,10,4,0.3,2,0.0022705000592395663,,104,,,True
test_020_n5_m10_d40_mult4.txt,5,10,5,0.3,2,0.002558041946031153,,130,,,True
test_022_n7_m10_d20_mult2.txt,7,10,1,0.3,2,0.002351874951273203,,14,,,True
test_022_n7_m10_d20_mult2.txt,7,10,2,0.3,2,0.0023011660668998957,,28,,,True
test_022_n7_m10_d20_mult2.txt,7,10,3,0.3,2,0.0022168330615386367,,42,,,True
test_022_n7_m10_d20_mult2.txt,7,10,4,0.3,2,0.002381291938945651,,56,,,True
test_022_n7_m10_d20_mult2.txt,7,10,5,0.3,2,0.002658250043168664,,70,,,True
test_026_n7_m10_d50_mult2.txt,7,10,1,0.3,2,0.0022792499512434006,,33,,,True
test_026_n7_m10_d50_mult2.txt,7,10,2,0.3,2,0.002733916975557804,,66,,,True
test_026_n7_m10_d50_mult2.txt,7,10,3,0.3,2,0.002385833067819476,,99,,,True
test_026_n7_m10_d50_mult2.txt,7,10,4,0.3,2,0.0026621249271556735,,132,,,True
test_026_n7_m10_d50_mult2.txt,7,10,5,0.3,2,0.0023094170028343797,,165,,,True
test_029_n5_m10_d20_mult2.txt,5,10,1,0.3,2,0.002688583917915821,,1,,,True
test_029_n5_m10_d20_mult2.txt,5,10,2,0.3,2,0.0030374580528587103,,2,,,True
test_029_n5_m10_d20_mult2.txt,5,10,3,0.3,2,0.0026310839457437396,,3,,,True
test_029_n5_m10_d20_mult2.txt,5,10,4,0.3,2,0.0024310830049216747,,4,,,True
test_029_n5_m10_d20_mult2.txt,5,10,5,0.3,2,0.002609207993373275,,5,,,True
test_022_n5_m11_d30_mult2.txt,5,11,1,0.3,2,0.0022670000325888395,,13,,,True
test_022_n5_m11_d30_mult2.txt,5,11,2,0.3,2,0.002305332920514047,,26,,,True
test_022_n5_m11_d30_mult2.txt,5,11,3,0.3,2,0.00253045791760087,,39,,,True
test_022_n5_m11_d30_mult2.txt,5,11,4,0.3,2,0.002873582998290658,,52,,,True
test_022_n5_m11_d30_mult2.txt,5,11,5,0.3,2,0.002530957921408117,,65,,,True
test_034_n7_m11_d50_mult4.txt,7,11,1,0.3,2,0.00249708304181695,,52,,,True
test_034_n7_m11_d50_mult4.txt,7,11,2,0.3,2,0.0023617499973624945,,104,,,True
test_034_n7_m11_d50_mult4.txt,7,11,3,0.3,2,0.0026929170126095414,,156,,,True
test_034_n7_m11_d50_mult4.txt,7,11,4,0.3,2,0.0022372909588739276,,208,,,True
test_034_n7_m11_d50_mult4.txt,7,11,5,0.3,2,0.002355665899813175,,260,,,True
test_005_n9_m12_d30_mult4.txt,9,12,1,0.3,2,0.002334624994546175,,45,,,True
test_005_n9_m12_d30_mult4.txt,9,12,2,0.3,2,0.0023918329970911145,,90,,,True
test_005_n9_m12_d30_mult4.txt,9,12,3,0.3,2,0.0022245829459279776,,135,,,True
test_005_n9_m12_d30_mult4.txt,9,12,4,0.3,2,0.002390500041656196,,180,,,True
test_005_n9_m12_d30_mult4.txt,9,12,5,0.3,2,0.0026927910512313247,,225,,,True
test_012_n5_m12_d30_mult4.txt,5,12,1,0.3,2,0.0025585419498384,,13,,,True
test_012_n5_m12_d30_mult4.txt,5,12,2,0.3,2,0.0022378340363502502,,26,,,True
test_012_n5_m12_d30_mult4.txt,5,12,3,0.3,2,0.0025770419742912054,,39,,,True
test_012_n5_m12_d30_mult4.txt,5,12,4,0.3,2,0.0025615839986130595,,52,,,True
test_012_n5_m12_d30_mult4.txt,5,12,5,0.3,2,0.0021518749417737126,,65,,,True
test_021_n3_m12_d40_mult1.txt,3,12,1,0.3,2,0.002564165974035859,,3,,,True
test_021_n3_m12_d40_mult1.txt,3,12,2,0.3,2,0.0026226670015603304,,6,,,True
test_021_n3_m12_d40_mult1.txt,3,12,3,0.3,2,0.0022869169479236007,,9,,,True
test_021_n3_m12_d40_mult1.txt,3,12,4,0.3,2,0.0025388329522684216,,12,,,True
test_021_n3_m12_d40_mult1.txt,3,12,5,0.3,2,0.0025329580530524254,,15,,,True
test_023_n3_m12_d50_mult1.txt,3,12,1,0.3,2,0.0024392500054091215,,4,,,True
test_023_n3_m12_d50_mult1.txt,3,12,2,0.3,2,0.002187957987189293,,8,,,True
test_023_n3_m12_d50_mult1.txt,3,12,3,0.3,2,0.00229199999012053,,12,,,True
test_023_n3_m12_d50_mult1.txt,3,12,4,0.3,2,0.00245029095094651,,16,,,True
test_023_n3_m12_d50_mult1.txt,3,12,5,0.3,2,0.0028377079870551825,,20,,,True
test_027_n5_m13_d60_mult4.txt,5,13,1,0.3,2,0.0021647500107064843,,45,,,True
test_027_n5_m13_d60_mult4.txt,5,13,2,0.3,2,0.002288500079885125,,90,,,True
test_027_n5_m13_d60_mult4.txt,5,13,3,0.3,2,0.00227162498049438,,135,,,True
test_027_n5_m13_d60_mult4.txt,5,13,4,0.3,2,0.002457040944136679,,180,,,True
test_027_n5_m13_d60_mult4.txt,5,13,5,0.3,2,0.0022923749638721347,,225,,,True
test_029_n7_m13_d30_mult2.txt,7,13,1,0.3,2,0.0023203750606626272,,24,,,True
test_029_n7_m13_d30_mult2.txt,7,13,2,0.3,2,0.002370000001974404,,48,,,True
test_029_n7_m13_d30_mult2.txt,7,13,3,0.3,2,0.002600541920401156,,72,,,True
test_029_n7_m13_d30_mult2.txt,7,13,4,0.3,2,0.0024902080185711384,,96,,,True
test_029_n7_m13_d30_mult2.txt,7,13,5,0.3,2,0.0026985000586137176,,120,,,True
test_016_n5_m14_d50_mult2.txt,5,14,1,0.3,2,0.002648417023010552,,22,,,True
test_016_n5_m14_d50_mult2.txt,5,14,2,0.3,2,0.0023704590275883675,,44,,,True
test_016_n5_m14_d50_mult2.txt,5,14,3,0.3,2,0.0031263750279322267,,66,,,True
test_016_n5_m14_d50_mult2.txt,5,14,4,0.3,2,0.003302707918919623,,88,,,True
test_016_n5_m14_d50_mult2.txt,5,14,5,0.3,2,0.002915874938480556,,110,,,True
scale_1002_n4_m15.txt,4,15,1,0.3,2,0.002584999892860651,,8,,,True
scale_1002_n4_m15.txt,4,15,2,0.3,2,0.0024049170315265656,,16,,,True
scale_1002_n4_m15.txt,4,15,3,0.3,2,0.0029839170165359974,,24,,,True
scale_1002_n4_m15.txt,4,15,4,0.3,2,0.002678917022421956,,32,,,True
scale_1002_n4_m15.txt,4,15,5,0.3,2,0.004521791008301079,,40,,,True
test_017_n7_m15_d50_mult2.txt,7,15,1,0.3,2,0.0024682499933987856,,32,,,True
test_017_n7_m15_d50_mult2.txt,7,15,2,0.3,2,0.0025044160429388285,,64,,,True
test_017_n7_m15_d50_mult2.txt,7,15,3,0.3,2,0.002432291046716273,,96,,,True
test_017_n7_m15_d50_mult2.txt,7,15,4,0.3,2,0.00259366596583277,,128,,,True
test_017_n7_m15_d50_mult2.txt,7,15,5,0.3,2,0.003321334021165967,,160,,,True
test_023_n8_m15_d40_mult3.txt,8,15,1,0.3,2,0.002754791988991201,,50,,,True
test_023_n8_m15_d40_mult3.txt,8,15,2,0.3,2,0.0027654169825837016,,100,,,True
test_023_n8_m15_d40_mult3.txt,8,15,3,0.3,2,0.0024658750044181943,,150,,,True
test_023_n8_m15_d40_mult3.txt,8,15,4,0.3,2,0.002530125086195767,,200,,,True
test_023_n8_m15_d40_mult3.txt,8,15,5,0.3,2,0.0027573329862207174,,250,,,True
test_025_n8_m15_d40_mult2.txt,8,15,1,0.3,2,0.003369417041540146,,31,,,True
test_025_n8_m15_d40_mult2.txt,8,15,2,0.3,2,0.0029027919517830014,,62,,,True
test_025_n8_m15_d40_mult2.txt,8,15,3,0.3,2,0.002674999996088445,,93,,,True
test_025_n8_m15_d40_mult2.txt,8,15,4,0.3,2,0.002646332955919206,,124,,,True
test_025_n8_m15_d40_mult2.txt,8,15,5,0.3,2,0.002609916962683201,,155,,,True
test_028_n4_m15_d60_mult3.txt,4,15,1,0.3,2,0.002724874997511506,,18,,,True
test_028_n4_m15_d60_mult3.txt,4,15,2,0.3,2,0.0030470830388367176,,36,,,True
test_028_n4_m15_d60_mult3.txt,4,15,3,0.3,2,0.0025200420059263706,,54,,,True
test_028_n4_m15_d60_mult3.txt,4,15,4,0.3,2,0.0024780420353636146,,72,,,True
test_028_n4_m15_d60_mult3.txt,4,15,5,0.3,2,0.0023763750214129686,,90,,,True
test_028_n9_m15_d50_mult2.txt,9,15,1,0.3,2,0.0027283329982310534,,53,,,True
test_028_n9_m15_d50_mult2.txt,9,15,2,0.3,2,0.0028207499999552965,,106,,,True
test_028_n9_m15_d50_mult2.txt,9,15,3,0.3,2,0.002469124970957637,,159,,,True
test_028_n9_m15_d50_mult2.txt,9,15,4,0.3,2,0.0027755829505622387,,212,,,True
test_028_n9_m15_d50_mult2.txt,9,15,5,0.3,2,0.0025127920089289546,,265,,,True
test_033_n10_m15_d20_mult2.txt,10,15,1,0.3,2,0.0026066669961437583,,29,,,True
test_033_n10_m15_d20_mult2.txt,10,15,2,0.3,2,0.002691166941076517,,58,,,True
test_033_n10_m15_d20_mult2.txt,10,15,3,0.3,2,0.003040082985535264,,87,,,True
test_033_n10_m15_d20_mult2.txt,10,15,4,0.3,2,0.002426167018711567,,116,,,True
test_033_n10_m15_d20_mult2.txt,10,15,5,0.3,2,0.002504625008441508,,145,,,True
test_033_n6_m15_d20_mult2.txt,6,15,1,0.3,2,0.003045415971428156,,6,,,True
test_033_n6_m15_d20_mult2.txt,6,15,2,0.3,2,0.0025327500188723207,,12,,,True
test_033_n6_m15_d20_mult2.txt,6,15,3,0.3,2,0.0025210409658029675,,18,,,True
test_033_n6_m15_d20_mult2.txt,6,15,4,0.3,2,0.0027402089908719063,,24,,,True
test_033_n6_m15_d20_mult2.txt,6,15,5,0.3,2,0.0026455000042915344,,30,,,True
scale_1003_n4_m20.txt,4,20,1,0.3,2,0.002537291031330824,,8,,,True
scale_1003_n4_m20.txt,4,20,2,0.3,2,0.002506040968000889,,16,,,True
scale_1003_n4_m20.txt,4,20,3,0.3,2,0.0028943329816684127,,24,,,True
scale_1003_n4_m20.txt,4,20,4,0.3,2,0.0026605830062180758,,32,,,True
scale_1003_n4_m20.txt,4,20,5,0.3,2,0.0027394999051466584,,40,,,True
test_001_n6_m20_d60_mult1.txt,6,20,1,0.3,2,0.0029872501036152244,,15,,,True
test_001_n6_m20_d60_mult1.txt,6,20,2,0.3,2,0.0025752499932423234,,30,,,True
test_001_n6_m20_d60_mult1.txt,6,20,3,0.3,2,0.0026795839658007026,,45,,,True
test_001_n6_m20_d60_mult1.txt,6,20,4,0.3,2,0.0024929579813033342,,60,,,True
test_001_n6_m20_d60_mult1.txt,6,20,5,0.3,2,0.0028077500173822045,,75,,,True
test_002_n9_m20_d20_mult2.txt,9,20,1,0.3,2,0.00275891600176692,,14,,,True
test_002_n9_m20_d20_mult2.txt,9,20,2,0.3,2,0.0025356250116601586,,28,,,True
test_002_n9_m20_d20_mult2.txt,9,20,3,0.3,2,0.002563082962296903,,42,,,True
test_002_n9_m20_d20_mult2.txt,9,20,4,0.3,2,0.0024042919976636767,,56,,,True
test_002_n9_m20_d20_mult2.txt,9,20,5,0.3,2,0.0023815000895410776,,70,,,True
test_008_n8_m20_d40_mult1.txt,8,20,1,0.3,2,0.002587915980257094,,22,,,True
test_008_n8_m20_d40_mult1.txt,8,20,2,0.3,2,0.002927292021922767,,44,,,True
test_008_n8_m20_d40_mult1.txt,8,20,3,0.3,2,0.002596084028482437,,66,,,True
test_008_n8_m20_d40_mult1.txt,8,20,4,0.3,2,0.0023447079584002495,,88,,,True
test_008_n8_m20_d40_mult1.txt,8,20,5,0.3,2,0.0025348749477416277,,110,,,True
test_010_n7_m20_d60_mult3.txt,7,20,1,0.3,2,0.0027097499696537852,,55,,,True
test_010_n7_m20_d60_mult3.txt,7,20,2,0.3,2,0.002545707975514233,,110,,,True
test_010_n7_m20_d60_mult3.txt,7,20,3,0.3,2,0.0026789169060066342,,165,,,True
test_010_n7_m20_d60_mult3.txt,7,20,4,0.3,2,0.002762999967671931,,220,,,True
test_010_n7_m20_d60_mult3.txt,7,20,5,0.3,2,0.003948166035115719,,275,,,True
test_013_n3_m20_d50_mult2.txt,3,20,1,0.3,2,0.00400437496136874,,1,,,True
test_013_n3_m20_d50_mult2.txt,3,20,2,0.3,2,0.0025525829987600446,,2,,,True
test_013_n3_m20_d50_mult2.txt,3,20,3,0.3,2,0.002711209002882242,,3,,,True
test_013_n3_m20_d50_mult2.txt,3,20,4,0.3,2,0.0030463329749181867,,4,,,True
test_013_n3_m20_d50_mult2.txt,3,20,5,0.3,2,0.0026987079763785005,,5,,,True
test_015_n7_m20_d40_mult1.txt,7,20,1,0.3,2,0.0023704590275883675,,19,,,True
test_015_n7_m20_d40_mult1.txt,7,20,2,0.3,2,0.0023576250532642007,,38,,,True
test_015_n7_m20_d40_mult1.txt,7,20,3,0.3,2,0.0027663749642670155,,57,,,True
test_015_n7_m20_d40_mult1.txt,7,20,4,0.3,2,0.002667458029463887,,76,,,True
test_015_n7_m20_d40_mult1.txt,7,20,5,0.3,2,0.0025044160429388285,,95,,,True
test_027_n5_m20_d60_mult3.txt,5,20,1,0.3,2,0.002598416991531849,,23,,,True
test_027_n5_m20_d60_mult3.txt,5,20,2,0.3,2,0.0025712921051308513,,46,,,True
test_027_n5_m20_d60_mult3.txt,5,20,3,0.3,2,0.0025202089454978704,,69,,,True
test_027_n5_m20_d60_mult3.txt,5,20,4,0.3,2,0.0027304580435156822,,92,,,True
test_027_n5_m20_d60_mult3.txt,5,20,5,0.3,2,0.0028375829569995403,,115,,,True
scale_1004_n4_m25.txt,4,25,1,0.3,2,0.0024560419842600822,,8,,,True
scale_1004_n4_m25.txt,4,25,2,0.3,2,0.0024150829995051026,,16,,,True
scale_1004_n4_m25.txt,4,25,3,0.3,2,0.002688791952095926,,24,,,True
scale_1004_n4_m25.txt,4,25,4,0.3,2,0.002689333981834352,,32,,,True
scale_1004_n4_m25.txt,4,25,5,0.3,2,0.002601291984319687,,40,,,True
test_001_n8_m25_d30_mult1.txt,8,25,1,0.3,2,0.0025589580181986094,,16,,,True
test_001_n8_m25_d30_mult1.txt,8,25,2,0.3,2,0.0026684580370783806,,32,,,True
test_001_n8_m25_d30_mult1.txt,8,25,3,0.3,2,0.0024928749771788716,,48,,,True
test_001_n8_m25_d30_mult1.txt,8,25,4,0.3,2,0.0025264580035582185,,64,,,True
test_001_n8_m25_d30_mult1.txt,8,25,5,0.3,2,0.0024609999964013696,,80,,,True
test_003_n8_m25_d60_mult2.txt,8,25,1,0.3,2,0.0028931249398738146,,52,,,True
test_003_n8_m25_d60_mult2.txt,8,25,2,0.3,2,0.003055416978895664,,104,,,True
test_003_n8_m25_d60_mult2.txt,8,25,3,0.3,2,0.002591291908174753,,156,,,True
test_003_n8_m25_d60_mult2.txt,8,25,4,0.3,2,0.002474708016961813,,208,,,True
test_003_n8_m25_d60_mult2.txt,8,25,5,0.3,2,0.002484583994373679,,260,,,True
test_006_n5_m25_d40_mult3.txt,5,25,1,0.3,2,0.0023057920625433326,,12,,,True
test_006_n5_m25_d40_mult3.txt,5,25,2,0.3,2,0.002431625034660101,,24,,,True
test_006_n5_m25_d40_mult3.txt,5,25,3,0.3,2,0.0022602080134674907,,36,,,True
test_006_n5_m25_d40_mult3.txt,5,25,4,0.3,2,0.0028057079762220383,,48,,,True
test_006_n5_m25_d40_mult3.txt,5,25,5,0.3,2,0.002684500068426132,,60,,,True
test_006_n7_m25_d30_mult1.txt,7,25,1,0.3,2,0.00261404097545892,,11,,,True
test_006_n7_m25_d30_mult1.txt,7,25,2,0.3,2,0.0028035830473527312,,22,,,True
test_006_n7_m25_d30_mult1.txt,7,25,3,0.3,2,0.0024807919980958104,,33,,,True
test_006_n7_m25_d30_mult1.txt,7,25,4,0.3,2,0.0028822090243920684,,44,,,True
test_006_n7_m25_d30_mult1.txt,7,25,5,0.3,2,0.003152125049382448,,55,,,True
test_031_n6_m25_d20_mult1.txt,6,25,1,0.3,2,0.0026433339808136225,,4,,,True
test_031_n6_m25_d20_mult1.txt,6,25,2,0.3,2,0.0024850829504430294,,8,,,True
test_031_n6_m25_d20_mult1.txt,6,25,3,0.3,2,0.0027760419761762023,,12,,,True
test_031_n6_m25_d20_mult1.txt,6,25,4,0.3,2,0.002661834005266428,,16,,,True
test_031_n6_m25_d20_mult1.txt,6,25,5,0.3,2,0.0026185830356553197,,20,,,True
scale_1005_n4_m30.txt,4,30,1,0.3,2,0.002715582959353924,,6,,,True
scale_1005_n4_m30.txt,4,30,2,0.3,2,0.0026040830416604877,,12,,,True
scale_1005_n4_m30.txt,4,30,3,0.3,2,0.002678041928447783,,18,,,True
scale_1005_n4_m30.txt,4,30,4,0.3,2,0.002371832961216569,,24,,,True
scale_1005_n4_m30.txt,4,30,5,0.3,2,0.0025597920175641775,,30,,,True
test_021_n8_m30_d30_mult2.txt,8,30,1,0.3,2,0.0028881669277325273,,31,,,True
test_021_n8_m30_d30_mult2.txt,8,30,2,0.3,2,0.002493583015166223,,62,,,True
test_021_n8_m30_d30_mult2.txt,8,30,3,0.3,2,0.0028382500167936087,,93,,,True
test_021_n8_m30_d30_mult2.txt,8,30,4,0.3,2,0.0027995420387014747,,124,,,True
test_021_n8_m30_d30_mult2.txt,8,30,5,0.3,2,0.0024535830598324537,,155,,,True
test_024_n4_m30_d60_mult1.txt,4,30,1,0.3,2,0.0026987919118255377,,9,,,True
test_024_n4_m30_d60_mult1.txt,4,30,2,0.3,2,0.002955542062409222,,18,,,True
test_024_n4_m30_d60_mult1.txt,4,30,3,0.3,2,0.002647958928719163,,27,,,True
test_024_n4_m30_d60_mult1.txt,4,30,4,0.3,2,0.002594082965515554,,36,,,True
test_024_n4_m30_d60_mult1.txt,4,30,5,0.3,2,0.003381832968443632,,45,,,True
test_025_n5_m30_d20_mult2.txt,5,30,1,0.3,2,0.00252566603012383,,8,,,True
test_025_n5_m30_d20_mult2.txt,5,30,2,0.3,2,0.0029932080069556832,,16,,,True
test_025_n5_m30_d20_mult2.txt,5,30,3,0.3,2,0.0027845000149682164,,24,,,True
test_025_n5_m30_d20_mult2.txt,5,30,4,0.3,2,0.0024291659938171506,,32,,,True
test_025_n5_m30_d20_mult2.txt,5,30,5,0.3,2,0.0025367499329149723,,40,,,True
test_031_n5_m30_d40_mult1.txt,5,30,1,0.3,2,0.0029855000320822,,7,,,True
test_031_n5_m30_d40_mult1.txt,5,30,2,0.3,2,0.0028997909976169467,,14,,,True
test_031_n5_m30_d40_mult1.txt,5,30,3,0.3,2,0.003116083098575473,,21,,,True
test_031_n5_m30_d40_mult1.txt,5,30,4,0.3,2,0.0037263750564306974,,28,,,True
test_031_n5_m30_d40_mult1.txt,5,30,5,0.3,2,0.0028284169966354966,,35,,,True
test_032_n6_m30_d20_mult3.txt,6,30,1,0.3,2,0.002938832971267402,,20,,,True
test_032_n6_m30_d20_mult3.txt,6,30,2,0.3,2,0.003079832997173071,,40,,,True
test_032_n6_m30_d20_mult3.txt,6,30,3,0.3,2,0.00257891695946455,,60,,,True
test_032_n6_m30_d20_mult3.txt,6,30,4,0.3,2,0.002721333992667496,,80,,,True
test_032_n6_m30_d20_mult3.txt,6,30,5,0.3,2,0.002826458076015115,,100,,,True
scale_1006_n4_m35.txt,4,35,1,0.3,2,0.0025968330446630716,,8,,,True
scale_1006_n4_m35.txt,4,35,2,0.3,2,0.002437707968056202,,16,,,True
scale_1006_n4_m35.txt,4,35,3,0.3,2,0.0029966250294819474,,24,,,True
scale_1006_n4_m35.txt,4,35,4,0.3,2,0.002808332908898592,,32,,,True
scale_1006_n4_m35.txt,4,35,5,0.3,2,0.0026062909746542573,,40,,,True
scale_1007_n4_m40.txt,4,40,1,0.3,2,0.0029908339492976665,,10,,,True
scale_1007_n4_m40.txt,4,40,2,0.3,2,0.002661125035956502,,20,,,True
scale_1007_n4_m40.txt,4,40,3,0.3,2,0.0028900830075144768,,30,,,True
scale_1007_n4_m40.txt,4,40,4,0.3,2,0.0028102080104872584,,40,,,True
scale_1007_n4_m40.txt,4,40,5,0.3,2,0.0029407080728560686,,50,,,True
test_003_n5_m40_d50_mult2.txt,5,40,1,0.3,2,0.0027376660145819187,,16,,,True
test_003_n5_m40_d50_mult2.txt,5,40,2,0.3,2,0.003105666022747755,,32,,,True
test_003_n5_m40_d50_mult2.txt,5,40,3,0.3,2,0.0027039169799536467,,48,,,True
test_003_n5_m40_d50_mult2.txt,5,40,4,0.3,2,0.002615957986563444,,64,,,True
test_003_n5_m40_d50_mult2.txt,5,40,5,0.3,2,0.0027726670959964395,,80,,,True
test_004_n7_m40_d50_mult3.txt,7,40,1,0.3,2,0.0027549589285627007,,37,,,True
test_004_n7_m40_d50_mult3.txt,7,40,2,0.3,2,0.002677666023373604,,74,,,True
test_004_n7_m40_d50_mult3.txt,7,40,3,0.3,2,0.0027583750197663903,,111,,,True
test_004_n7_m40_d50_mult3.txt,7,40,4,0.3,2,0.00806520797777921,,148,,,True
test_004_n7_m40_d50_mult3.txt,7,40,5,0.3,2,0.0569173339754343,,185,,,True
test_008_n6_m40_d50_mult4.txt,6,40,1,0.3,2,0.003151959041133523,,34,,,True
test_008_n6_m40_d50_mult4.txt,6,40,2,0.3,2,0.00315445801243186,,68,,,True
test_008_n6_m40_d50_mult4.txt,6,40,3,0.3,2,0.00303312495816499,,102,,,True
test_008_n6_m40_d50_mult4.txt,6,40,4,0.3,2,0.015214457991532981,,136,,,True
test_008_n6_m40_d50_mult4.txt,6,40,5,0.3,2,0.003472000011242926,,170,,,True
test_013_n4_m40_d60_mult3.txt,4,40,1,0.3,2,0.0027461249846965075,,20,,,True
test_013_n4_m40_d60_mult3.txt,4,40,2,0.3,2,0.002845417009666562,,40,,,True
test_013_n4_m40_d60_mult3.txt,4,40,3,0.3,2,0.0027632499113678932,,60,,,True
test_013_n4_m40_d60_mult3.txt,4,40,4,0.3,2,0.0033485409803688526,,80,,,True
test_013_n4_m40_d60_mult3.txt,4,40,5,0.3,2,0.0029531250474974513,,100,,,True
test_017_n5_m40_d20_mult1.txt,5,40,1,0.3,2,0.0034457920119166374,,2,,,True
test_017_n5_m40_d20_mult1.txt,5,40,2,0.3,2,0.003428374999202788,,4,,,True
test_017_n5_m40_d20_mult1.txt,5,40,3,0.3,2,0.0030360829550772905,,6,,,True
test_017_n5_m40_d20_mult1.txt,5,40,4,0.3,2,0.0029664169996976852,,8,,,True
test_017_n5_m40_d20_mult1.txt,5,40,5,0.3,2,0.002893791999667883,,10,,,True
scale_1008_n4_m45.txt,4,45,1,0.3,2,0.003008167026564479,,7,,,True
scale_1008_n4_m45.txt,4,45,2,0.3,2,0.003035082947462797,,14,,,True
scale_1008_n4_m45.txt,4,45,3,0.3,2,0.0027825410943478346,,21,,,True
scale_1008_n4_m45.txt,4,45,4,0.3,2,0.0028983750380575657,,28,,,True
scale_1008_n4_m45.txt,4,45,5,0.3,2,0.0026751660043373704,,35,,,True
scale_1009_n4_m50.txt,4,50,1,0.3,2,0.002970959059894085,,15,,,True
scale_1009_n4_m50.txt,4,50,2,0.3,2,0.0027949579525738955,,30,,,True
scale_1009_n4_m50.txt,4,50,3,0.3,2,0.002730917069129646,,45,,,True
scale_1009_n4_m50.txt,4,50,4,0.3,2,0.0030643329955637455,,60,,,True
scale_1009_n4_m50.txt,4,50,5,0.3,2,0.0034208750585094094,,75,,,True
test_004_n10_m50_d30_mult3.txt,10,50,1,0.3,2,0.003096541971899569,,53,,,True
test_004_n10_m50_d30_mult3.txt,10,50,2,0.3,2,0.003016041941009462,,106,,,True
test_004_n10_m50_d30_mult3.txt,10,50,3,0.3,2,0.003098500077612698,,159,,,True
test_004_n10_m50_d30_mult3.txt,10,50,4,0.3,2,0.003396957996301353,,212,,,True
test_004_n10_m50_d30_mult3.txt,10,50,5,0.3,2,0.0029023330425843596,,265,,,True
test_014_n3_m50_d20_mult3.txt,3,50,1,0.3,2,0.002863624948076904,,5,,,True
test_014_n3_m50_d20_mult3.txt,3,50,2,0.3,2,0.002952875103801489,,10,,,True
test_014_n3_m50_d20_mult3.txt,3,50,3,0.3,2,0.0029739579185843468,,15,,,True
test_014_n3_m50_d20_mult3.txt,3,50,4,0.3,2,0.0032074579503387213,,20,,,True
test_014_n3_m50_d20_mult3.txt,3,50,5,0.3,2,0.002913875039666891,,25,,,True
test_016_n5_m50_d40_mult3.txt,5,50,1,0.3,2,0.0028745000017806888,,23,,,True
test_016_n5_m50_d40_mult3.txt,5,50,2,0.3,2,0.00313104095403105,,46,,,True
test_016_n5_m50_d40_mult3.txt,5,50,3,0.3,2,0.002975833020173013,,69,,,True
test_016_n5_m50_d40_mult3.txt,5,50,4,0.3,2,0.0029887499986216426,,92,,,True
test_016_n5_m50_d40_mult3.txt,5,50,5,0.3,2,0.0030611250549554825,,115,,,True
test_018_n7_m50_d40_mult3.txt,7,50,1,0.3,2,0.0029443339444696903,,24,,,True
test_018_n7_m50_d40_mult3.txt,7,50,2,0.3,2,0.002664750092662871,,48,,,True
test_018_n7_m50_d40_mult3.txt,7,50,3,0.3,2,0.0032985409488901496,,72,,,True
test_018_n7_m50_d40_mult3.txt,7,50,4,0.3,2,0.0030184999341145158,,96,,,True
test_018_n7_m50_d40_mult3.txt,7,50,5,0.3,2,0.0028974999440833926,,120,,,True
test_019_n7_m50_d60_mult3.txt,7,50,1,0.3,2,0.0031307500321418047,,40,,,True
test_019_n7_m50_d60_mult3.txt,7,50,2,0.3,2,0.003173916949890554,,80,,,True
test_019_n7_m50_d60_mult3.txt,7,50,3,0.3,2,0.002839708002284169,,120,,,True
test_019_n7_m50_d60_mult3.txt,7,50,4,0.3,2,0.0034374160459265113,,160,,,True
test_019_n7_m50_d60_mult3.txt,7,50,5,0.3,2,0.002790750004351139,,200,,,True
test_019_n9_m50_d40_mult3.txt,9,50,1,0.3,2,0.0027374590281397104,,56,,,True
test_019_n9_m50_d40_mult3.txt,9,50,2,0.3,2,0.003140415996313095,,112,,,True
test_019_n9_m50_d40_mult3.txt,9,50,3,0.3,2,0.0029764589853584766,,168,,,True
test_019_n9_m50_d40_mult3.txt,9,50,4,0.3,2,0.002803958021104336,,224,,,True
test_019_n9_m50_d40_mult3.txt,9,50,5,0.3,2,0.004409875022247434,,280,,,True
test_030_n4_m50_d40_mult3.txt,4,50,1,0.3,2,0.0029646659968420863,,2,,,True
test_030_n4_m50_d40_mult3.txt,4,50,2,0.3,2,0.0031196660129353404,,4,,,True
test_030_n4_m50_d40_mult3.txt,4,50,3,0.3,2,0.0031427080975845456,,6,,,True
test_030_n4_m50_d40_mult3.txt,4,50,4,0.3,2,0.0027737499913200736,,8,,,True
test_030_n4_m50_d40_mult3.txt,4,50,5,0.3,2,0.002849459066055715,,10,,,True
test_034_n6_m50_d20_mult3.txt,6,50,1,0.3,2,0.0027851660270243883,,4,,,True
test_034_n6_m50_d20_mult3.txt,6,50,2,0.3,2,0.0027604999486356974,,8,,,True
test_034_n6_m50_d20_mult3.txt,6,50,3,0.3,2,0.0031028330558910966,,12,,,True
test_034_n6_m50_d20_mult3.txt,6,50,4,0.3,2,0.0027902500005438924,,16,,,True
test_034_n6_m50_d20_mult3.txt,6,50,5,0.3,2,0.002979291952215135,,20,,,True
scale_1010_n4_m60.txt,4,60,1,0.3,2,0.0029186250176280737,,7,,,True
scale_1010_n4_m60.txt,4,60,2,0.3,2,0.0030677090398967266,,14,,,True
scale_1010_n4_m60.txt,4,60,3,0.3,2,0.0034657089272513986,,21,,,True
scale_1010_n4_m60.txt,4,60,4,0.3,2,0.005993833998218179,,28,,,True
scale_1010_n4_m60.txt,4,60,5,0.3,2,0.003297375049442053,,35,,,True
scale_1011_n4_m70.txt,4,70,1,0.3,2,0.003496541059575975,,6,,,True
scale_1011_n4_m70.txt,4,70,2,0.3,2,0.003428791998885572,,12,,,True
scale_1011_n4_m70.txt,4,70,3,0.3,2,0.003438082989305258,,18,,,True
scale_1011_n4_m70.txt,4,70,4,0.3,2,0.0032659999560564756,,24,,,True
scale_1011_n4_m70.txt,4,70,5,0.3,2,0.003878624993376434,,30,,,True
scale_1012_n4_m80.txt,4,80,1,0.3,2,0.0034082080237567425,,8,,,True
scale_1012_n4_m80.txt,4,80,2,0.3,2,0.0038358750753104687,,16,,,True
scale_1012_n4_m80.txt,4,80,3,0.3,2,0.00384974991902709,,24,,,True
scale_1012_n4_m80.txt,4,80,4,0.3,2,0.004110540961846709,,32,,,True
scale_1012_n4_m80.txt,4,80,5,0.3,2,0.003680999972857535,,40,,,True
